{"cameraMode":{"drawMode":0,"name":"Shaded","section":"Shading Mode"},"sceneLighting":false,"audioPlay":false,"sceneViewState":{"showFog":true,"showMaterialUpdate":false,"showSkybox":false,"showFlares":true,"showImageEffects":true,"showParticleSystems":true},"in2DMode":false,"pivot":{"x":-28.80000114440918,"y":10.200000762939454,"z":-331.7442626953125},"rotation":{"x":-0.17686417698860169,"y":0.3313354551792145,"z":-0.06337898224592209,"w":-0.9246183037757874},"size":149.36196899414063,"orthographic":false}