{"cameraMode":{"drawMode":0,"name":"Shaded","section":"Shading Mode"},"sceneLighting":true,"audioPlay":false,"sceneViewState":{"showFog":true,"showMaterialUpdate":false,"showSkybox":true,"showFlares":true,"showImageEffects":true,"showParticleSystems":true},"in2DMode":false,"pivot":{"x":10.389359474182129,"y":7.892879486083984,"z":-458.4448547363281},"rotation":{"x":-0.07790514826774597,"y":-0.020343907177448274,"z":0.0015900582075119019,"w":-0.9967519640922546},"size":22.0,"orthographic":false}